13,
10,
10,
10,
4,
5,
22,
57,
10,
11,
15,
30,
7,
10,
10,
12,
1,
3,
5,
9,
1,
1,
7,
5,
11,
14,
11,
14,
22,
21,
21,
27,
30,
22,
22,
24,
22,
22,
19,
16,
7,
28,
35,
37,
18,
43,
39,
40,
1,
7,
44,
43,
6,
24,
58,
59,
6,
8,
4,
1,
6,
6,
5,
19,
13,
18,
19,
29,
8,
9,
8,
8,
8,
9,
12,
14,
4,
8,
10,
18,
1,
1,
7,
5,
1,
1,
2,
7,
3,
11,
13,
9,
1,
4,
4,
2,
9,
9,
8,
10,
10,
18,
23,
23,
6,
5,
16,
21,
12,
19,
21,
22,
7,
11,
14,
12,
12,
14,
15,
19,
15,
15,
12,
13,
1,
1,
1,
2,
14,
16,
16,
16,
21,
20,
15,
20,
14,
16,
24,
19,
13,
5,
15,
18,
28,
27,
35,
45,
18,
18,
21,
19,
27,
26,
33,
47,
25,
27,
22,
32,
31,
40,
35,
36,
29,
39,
49,
45,
27,
32,
25,
25,
32,
33,
27,
27,
23,
24,
27,
26,
22,
14,
12,
7,
26,
22,
20,
31,
17,
14,
17,
16,
21,
28,
19,
19,
23,
25,
21,
23,
33,
32,
31,
35,
27,
29,
30,
39,
36,
38,
38,
37,
24,
28,
36,
37,
45,
40,
40,
43,
41,
40,
35,
35,
55,
46,
42,
38,
8,
18,
44,
54,
7,
11,
26,
27,
15,
16,
28,
65,
6,
6,
5,
5,
42,
37,
40,
45,
14,
49,
50,
52,
6,
15,
16,
44,
2,
5,
31,
34,
8,
14,
27,
60,
4,
8,
8,
10,
12,
14,
14,
17,
8,
13,
15,
17,
13,
23,
27,
29,
11,
16,
22,
22,
4,
6,
4,
4,
38,
37,
36,
39,
41,
35,
32,
42,
6,
6,
33,
43,
15,
48,
47,
39,
22,
51,
46,
46,
2,
1,
12,
48,
7,
12,
15,
21,
9,
8,
12,
24,
5,
4,
6,
26,
21,
36,
65,
71,
7,
8,
13,
16,
1,
1,
1,
8,
25,
24,
26,
23,
31,
28,
34,
48,
41,
50,
51,
55,
40,
36,
32,
33,
1,
3,
8,
10,
13,
16,
20,
22,
5,
6,
9,
10,
12,
16,
12,
12,
7,
38,
40,
39,
17,
50,
50,
53,
4,
20,
43,
43,
5,
3,
1,
1,
13,
14,
25,
59,
16,
17,
19,
31,
19,
21,
16,
18,
16,
20,
22,
23,
1,
6,
6,
15,
8,
21,
52,
56,
1,
2,
2,
13,
3,
1,
1,
12,
8,
25,
16,
29,
13,
14,
27,
59,
8,
10,
10,
16,
7,
7,
6,
9,
9,
18,
18,
20,
6,
6,
13,
11,
6,
5,
7,
6,
1,
1,
1,
1,
18,
25,
20,
30,
14,
11,
19,
53,
1,
1,
1,
1,
13,
22,
22,
46,
1,
1,
3,
1,
11,
14,
20,
20,
34,
33,
41,
41,
8,
8,
8,
11,
7,
5,
1,
2,
3,
14,
17,
18,
6,
8,
9,
9,
20,
22,
19,
23,
16,
44,
53,
52,
4,
17,
42,
39,
1,
5,
17,
43,
12,
26,
58,
61,
10,
25,
55,
60,
14,
15,
26,
62,
7,
15,
21,
29,
5,
11,
8,
15,
40,
34,
34,
38,
15,
44,
45,
40,
5,
4,
12,
5,
5,
4,
8,
17,
6,
8,
6,
18,
5,
5,
7,
6,
1,
7,
8,
7,
8,
4,
4,
13,
9,
6,
15,
12,
4,
12,
21,
20,
13,
15,
15,
24,
6,
9,
4,
4,
7,
7,
6,
6,
15,
9,
9,
11,
12,
13,
13,
11,
16,
17,
15,
16,
13,
11,
17,
21,
12,
13,
10,
10,
23,
24,
25,
24,
27,
29,
27,
29,
4,
6,
6,
8,
8,
9,
10,
10,
2,
1,
1,
1,
4,
12,
16,
34,
9,
10,
13,
19,
15,
18,
21,
22,
10,
9,
10,
15,
15,
10,
13,
13,
15,
15,
18,
21,
2,
1,
18,
24,
18,
20,
19,
22,
15,
14,
17,
17,
20,
16,
23,
31,
36,
31,
31,
35,
32,
39,
31,
37,
13,
42,
42,
42,
19,
19,
50,
59,
8,
9,
9,
17,
16,
18,
32,
67,
9,
13,
12,
14,
16,
16,
13,
19,
26,
21,
21,
20,
28,
36,
35,
37,
40,
65,
64,
79,
6,
16,
29,
43,
40,
55,
54,
72,
26,
43,
72,
72,
38,
26,
41,
82,
18,
43,
84,
88,
21,
50,
55,
78,
33,
26,
39,
51,
19,
19,
26,
72,
13,
7,
25,
31,
11,
29,
45,
47,
21,
16,
35,
82,
14,
28,
42,
64,
19,
21,
20,
24,
20,
55,
57,
73,
30,
22,
21,
29,
21,
28,
25,
44,
5,
11,
21,
25,
31,
42,
37,
45,
13,
21,
29,
54,
3,
4,
12,
7,
31,
32,
44,
59,
13,
7,
20,
65,
15,
30,
41,
34,
32,
26,
39,
49,
19,
26,
25,
45,
17,
13,
13,
23,
27,
45,
35,
38,
32,
26,
38,
55,
33,
44,
59,
55,
17,
26,
59,
70,
57,
49,
49,
55,
22,
55,
47,
55,
6,
37,
18,
19,
37,
45,
59,
77,
23,
24,
20,
45,
23,
67,
73,
66,
25,
23,
20,
29,
18,
46,
91,
100,
8,
18,
32,
47,
30,
32,
40,
82,
28,
48,
29,
42,
26,
35,
47,
60,
16,
19,
28,
30,
35,
49,
44,
66,
17,
46,
57,
99,
24,
17,
18,
15,
35,
68,
71,
93,
8,
20,
33,
56,
6,
28,
18,
36,
33,
38,
66,
80,
21,
17,
16,
38,
28,
42,
53,
90,
39,
58,
37,
42,
37,
44,
66,
100,
17,
23,
50,
72,
36,
41,
43,
69,
27,
37,
65,
82,
3,
1,
9,
14,
21,
33,
33,
37,
17,
36,
66,
64,
40,
68,
71,
106,
13,
30,
39,
52,
36,
37,
37,
39,
38,
64,
71,
65,
6,
39,
55,
61,
17,
15,
47,
63,
25,
39,
56,
76,
15,
34,
53,
86,
31,
26,
31,
71,
16,
48,
60,
93,
41,
69,
67,
86,
16,
18,
36,
45,
41,
57,
56,
87,
36,
42,
59,
59,
43,
57,
63,
68,
36,
70,
76,
105,
22,
33,
51,
82,
22,
39,
71,
52,
42,
36,
45,
60,
20,
33,
50,
52,
18,
50,
63,
90,
21,
43,
50,
66,
40,
48,
37,
74,
31,
27,
40,
69,
16,
35,
55,
75,
5,
23,
49,
44,
41,
57,
41,
81,
38,
56,
48,
50,
27,
26,
36,
79,
23,
16,
37,
68,
45,
51,
54,
54,
37,
68,
68,
94,
28,
41,
55,
75,
16,
32,
14,
48,
9,
26,
25,
44,
23,
26,
32,
42,
35,
20,
29,
22,
22,
32,
48,
77,
21,
36,
40,
61,
6,
26,
26,
42,
32,
40,
67,
56,
4,
36,
32,
33,
23,
33,
28,
43,
5,
37,
48,
73,
36,
72,
53,
76,
42,
67,
55,
59,
26,
33,
24,
61,
21,
63,
66,
61,
16,
22,
32,
18,
41,
49,
48,
88,
9,
24,
55,
74,
58,
73,
73,
103,
29,
45,
54,
56,
14,
17,
16,
48,
21,
36,
26,
37,
36,
66,
79,
81,
34,
44,
44,
52,
21,
33,
26,
32,
12,
8,
36,
53,
36,
79,
90,
99,
38,
19,
22,
17,
39,
36,
67,
57,
55,
73,
83,
90,
35,
66,
67,
74,
39,
43,
44,
59,
1,
7,
25,
18,
39,
70,
59,
89,
30,
40,
38,
37,
22,
35,
26,
34,
31,
19,
51,
70,
12,
26,
57,
63,
7,
43,
52,
59,
12,
49,
54,
76,
13,
16,
23,
46,
20,
39,
44,
47,
9,
13,
18,
54,
40,
37,
46,
51,
37,
61,
60,
72,
40,
60,
54,
82,
33,
56,
53,
68,
41,
37,
45,
59,
18,
24,
19,
59,
18,
33,
26,
36,
32,
57,
66,
70,
22,
30,
26,
35,
36,
67,
80,
93,
4,
1,
22,
16,
22,
32,
47,
55,
12,
7,
32,
52,
38,
59,
48,
54,
8,
11,
28,
43,
36,
41,
59,
66,
26,
36,
20,
46,
40,
60,
70,
73,
36,
35,
42,
67,
4,
37,
38,
46,
11,
14,
7,
37,
21,
29,
46,
55,
12,
10,
10,
20,
41,
57,
84,
88,
20,
27,
41,
36,
11,
22,
50,
80,
10,
7,
24,
26,
31,
42,
47,
82,
43,
49,
53,
73,
7,
9,
6,
18,
25,
36,
46,
63,
1,
5,
12,
52,
14,
16,
18,
57,
34,
59,
59,
71,
14,
33,
67,
72,
14,
21,
25,
21,
20,
33,
54,
60,
17,
22,
21,
50,
40,
35,
38,
47,
25,
26,
36,
51,
24,
31,
30,
29,
37,
43,
45,
52,
47,
74,
101,
115,
26,
36,
32,
69,
38,
37,
33,
59,
8,
37,
29,
29,
13,
10,
32,
34,
29,
43,
39,
40,
54,
70,
69,
110,
26,
46,
67,
62,
39,
59,
75,
73,
41,
60,
84,
88,
13,
20,
16,
43,
26,
44,
71,
105,
27,
47,
73,
105,
37,
59,
84,
102,
15,
46,
43,
39,
24,
60,
66,
78,
36,
32,
58,
78,
34,
44,
61,
81,
16,
22,
25,
17,
40,
59,
66,
64,
5,
37,
49,
82,
23,
34,
39,
36,
39,
48,
69,
52,
25,
29,
37,
73,
28,
37,
37,
58,
19,
27,
41,
40,
9,
22,
42,
82,
18,
20,
31,
42,
18,
37,
55,
56,
21,
32,
26,
38,
44,
37,
52,
72,
7,
26,
63,
52,
26,
30,
47,
50,
14,
33,
39,
56,
20,
30,
64,
74,
16,
16,
8,
18,
23,
30,
42,
65,
16,
41,
49,
43,
37,
42,
59,
51,
7,
38,
44,
47,
16,
36,
44,
63,
19,
44,
45,
59,
29,
58,
90,
109,
6,
36,
38,
42,
23,
16,
17,
22,
46,
61,
68,
61,
21,
29,
49,
56,
26,
26,
22,
61,
7,
40,
38,
48,
20,
38,
38,
49,
20,
24,
28,
42,
23,
27,
20,
53,
39,
41,
63,
65,
50,
70,
93,
121,
19,
29,
56,
64,
21,
20,
15,
32,
28,
24,
17,
29,
27,
32,
52,
80,
9,
9,
22,
36,
15,
22,
38,
62,
23,
15,
10,
26,
19,
35,
42,
54,
13,
25,
40,
49,
36,
60,
67,
74,
22,
30,
33,
32,
41,
60,
60,
48,
16,
44,
49,
49,
16,
5,
15,
43,
26,
33,
25,
49,
28,
38,
37,
39,
24,
60,
75,
84,
5,
16,
25,
30,
26,
29,
41,
72,
9,
9,
21,
56,
23,
43,
49,
61,
49,
57,
57,
50,
29,
30,
39,
40,
8,
15,
25,
63,
21,
19,
35,
50,
6,
19,
30,
24,
40,
49,
38,
47,
14,
40,
51,
68,
13,
21,
17,
34,
17,
33,
47,
54,
49,
55,
77,
94,
26,
38,
52,
77,
8,
29,
22,
45,
15,
59,
79,
95,
31,
40,
37,
42,
18,
15,
14,
19,
36,
41,
54,
73,
35,
35,
26,
43,
25,
27,
36,
39,
14,
17,
31,
74,
23,
32,
38,
46,
28,
21,
25,
18,
14,
39,
74,
76,
18,
37,
43,
54,
1,
4,
1,
14,
6,
43,
27,
47,
31,
29,
43,
58,
5,
27,
35,
58,
16,
23,
40,
43,
1,
2,
1,
6,
18,
26,
33,
32,
24,
46,
64,
68,
9,
24,
34,
46,
37,
45,
48,
61,
13,
21,
29,
52,
7,
17,
42,
42,
42,
33,
26,
35,
27,
26,
40,
86,
23,
38,
47,
67,
17,
19,
55,
61,
46,
57,
54,
73,
26,
26,
37,
72,
19,
33,
50,
59,
41,
43,
39,
50,
32,
31,
49,
91,
23,
20,
31,
49,
28,
61,
62,
84,
47,
50,
44,
44,
33,
38,
39,
48,
7,
9,
31,
44,
7,
13,
29,
45,
24,
38,
30,
37,
26,
28,
37,
36,
20,
30,
28,
68,
20,
24,
56,
66,
24,
30,
26,
25,
9,
38,
37,
51,
10,
17,
23,
42,
26,
47,
88,
93,
17,
26,
43,
64,
12,
8,
40,
41,
29,
25,
19,
42,
45,
57,
77,
87,
14,
23,
39,
46,
16,
29,
41,
35,
29,
26,
25,
36,
6,
15,
25,
46,
42,
53,
61,
76,
26,
30,
45,
88,
14,
15,
17,
29,
14,
28,
39,
45,
18,
28,
46,
41,
34,
18,
21,
29,
18,
37,
36,
69,
6,
23,
59,
56,
43,
56,
65,
97,
38,
49,
60,
73,
18,
29,
44,
65,
19,
27,
44,
41,
23,
41,
49,
49,
20,
20,
32,
44,
14,
20,
23,
18,
16,
20,
21,
50,
21,
34,
43,
62,
13,
8,
45,
42,
7,
42,
42,
51,
20,
16,
24,
21,
13,
16,
30,
51,
47,
49,
50,
42,
26,
39,
46,
56,
12,
15,
10,
18,
26,
26,
36,
52,
41,
88,
87,
88,
20,
23,
35,
44,
7,
40,
37,
52,
26,
26,
37,
65,
14,
18,
24,
67,
13,
7,
25,
26,
27,
38,
33,
46,
38,
58,
67,
95,
36,
54,
67,
87,
18,
33,
72,
76,
13,
8,
25,
16,
33,
26,
37,
68,
13,
12,
25,
23,
17,
51,
56,
52,
19,
18,
37,
71,
7,
13,
20,
16,
43,
49,
55,
64,
26,
38,
38,
50,
1,
9,
27,
34,
28,
29,
41,
81,
50,
57,
57,
65,
36,
54,
80,
103,
44,
49,
55,
63,
9,
27,
15,
33,
26,
46,
73,
73,
26,
37,
64,
78,
7,
26,
60,
67,
17,
18,
26,
66,
23,
64,
58,
74,
36,
45,
37,
43,
26,
43,
47,
61,
3,
2,
15,
13,
20,
23,
31,
68,
7,
18,
28,
44,
12,
6,
40,
29,
31,
58,
80,
106,
14,
22,
29,
33,
19,
56,
66,
73,
8,
26,
58,
65,
26,
38,
55,
67,
21,
32,
36,
36,
37,
42,
50,
65,
18,
42,
42,
77,
22,
24,
19,
25,
33,
51,
54,
41,
21,
34,
44,
54,
29,
40,
27,
29,
18,
20,
37,
74,
1,
17,
45,
49,
21,
15,
21,
24,
13,
26,
39,
58,
38,
38,
41,
47,
15,
18,
49,
68,
13,
6,
37,
25,
17,
24,
43,
66,
24,
30,
41,
57,
42,
70,
83,
91,
20,
26,
34,
66,
30,
54,
75,
119,
41,
72,
51,
91,
44,
68,
76,
80,
28,
42,
43,
68,
27,
47,
36,
57,
25,
42,
68,
66,
32,
47,
54,
59,
39,
41,
52,
75,
36,
43,
33,
65,
9,
22,
26,
32,
7,
42,
56,
84,
26,
38,
45,
54,
17,
17,
29,
42,
39,
55,
64,
67,
47,
80,
108,
142,
14,
22,
50,
64,
36,
47,
40,
78,
20,
18,
19,
56,
28,
48,
45,
42,
44,
60,
61,
92,
27,
39,
50,
47,
6,
38,
25,
42,
46,
59,
66,
77,
15,
25,
20,
54,
36,
39,
53,
59,
31,
38,
41,
57,
35,
43,
44,
59,
22,
32,
33,
46,
34,
34,
47,
55,
31,
48,
48,
41,
7,
39,
53,
88,
26,
30,
24,
54,
39,
46,
42,
50,
5,
28,
26,
45,
33,
47,
56,
66,
8,
21,
22,
28,
41,
69,
99,
114,
19,
17,
31,
23,
16,
25,
52,
61,
13,
7,
43,
57,
33,
53,
51,
73,
33,
65,
63,
87,
12,
29,
39,
60,
23,
21,
16,
21,
23,
26,
26,
36,
37,
80,
78,
127,
17,
32,
36,
54,
32,
75,
88,
80,
29,
44,
41,
49,
26,
39,
54,
64,
14,
14,
7,
41,
39,
36,
47,
81,
12,
22,
26,
34,
10,
8,
16,
25,
18,
35,
66,
73,
6,
13,
29,
37,
30,
30,
40,
45,
20,
16,
32,
45,
14,
17,
25,
39,
11,
8,
41,
57,
25,
36,
68,
85,
14,
31,
63,
95,
18,
33,
36,
42,
41,
50,
37,
68,
26,
40,
64,
73,
18,
25,
59,
61,
40,
42,
45,
58,
14,
22,
21,
23,
13,
36,
59,
68,
13,
19,
54,
86,
41,
58,
63,
69,
47,
51,
64,
63,
13,
31,
58,
78,
8,
20,
23,
28,
40,
60,
48,
87,
24,
29,
34,
58,
11,
21,
45,
66,
24,
25,
26,
38,
16,
19,
22,
17,
19,
13,
6,
41,
20,
19,
35,
71,
27,
65,
76,
91,
12,
26,
40,
55,
23,
52,
65,
73,
13,
19,
27,
44,
4,
11,
24,
42,
13,
7,
21,
26,
14,
14,
1,
8,
28,
30,
36,
50,
22,
33,
39,
48,
11,
21,
17,
35,
37,
61,
76,
98,
14,
37,
52,
59,
39,
41,
39,
70,
22,
30,
33,
37,
38,
47,
49,
64,
20,
19,
16,
25,
12,
6,
37,
43,
25,
37,
63,
84,
26,
31,
43,
65,
25,
54,
58,
73,
11,
36,
42,
44,
15,
24,
28,
46,
49,
56,
54,
66,
16,
20,
40,
68,
19,
37,
45,
52,
8,
25,
38,
54,
26,
38,
54,
47,
21,
53,
54,
80,
33,
26,
37,
73,
26,
68,
55,
67,
21,
32,
39,
60,
25,
22,
20,
40,
53,
72,
73,
85,
27,
45,
31,
26,
51,
56,
60,
77,
21,
37,
45,
59,
11,
13,
29,
64,
19,
24,
36,
75,
20,
30,
43,
53,
20,
34,
41,
57,
21,
38,
46,
34,
21,
22,
36,
67,
22,
29,
48,
91,
9,
25,
63,
79,
14,
28,
41,
68,
20,
20,
16,
49,
26,
31,
34,
33,
19,
52,
54,
76,
25,
44,
59,
65,
5,
37,
54,
78,
40,
35,
45,
86,
22,
45,
51,
57,
26,
46,
52,
66,
5,
10,
18,
15,
26,
37,
33,
73,
41,
49,
44,
66,
14,
29,
46,
62,
24,
27,
19,
56,
32,
16,
19,
36,
26,
46,
42,
57,
45,
57,
75,
67,
27,
49,
36,
54,
19,
23,
35,
40,
18,
26,
36,
49,
28,
26,
40,
60,
19,
33,
42,
58,
19,
21,
22,
47,
25,
25,
26,
39,
23,
27,
26,
44,
21,
37,
26,
43,
22,
26,
21,
21,
20,
45,
78,
98,
14,
20,
26,
43,
46,
47,
59,
86,
1,
9,
24,
25,
27,
46,
65,
63,
29,
32,
66,
77,
35,
30,
37,
72,
43,
54,
54,
94,
20,
26,
45,
61,
24,
30,
39,
63,
6,
20,
23,
31,
21,
46,
87,
110,
4,
13,
6,
42,
26,
34,
34,
44,
5,
44,
39,
49,
4,
8,
12,
8,
15,
14,
14,
31,
42,
40,
49,
84,
20,
51,
53,
73,
40,
40,
41,
63,
26,
38,
58,
61,
27,
41,
45,
63,
12,
15,
21,
59,
49,
68,
59,
67,
23,
15,
37,
64,
5,
37,
31,
49,
24,
53,
57,
67,
20,
21,
35,
41,
38,
58,
63,
83,
55,
66,
60,
61,
15,
23,
57,
52,
41,
56,
49,
43,
23,
60,
46,
48,
44,
57,
70,
68,
24,
28,
21,
18,
18,
31,
69,
80,
29,
30,
30,
40,
23,
35,
30,
30,
19,
21,
32,
43,
8,
14,
12,
10,
7,
37,
33,
29,
14,
23,
55,
61,
38,
44,
76,
84,
28,
21,
41,
49,
17,
56,
45,
48,
18,
24,
32,
45,
5,
14,
6,
13,
51,
64,
66,
87,
30,
40,
35,
50,
2,
10,
18,
20,
17,
23,
22,
32,
30,
30,
45,
87,
7,
17,
43,
77,
26,
47,
72,
73,
15,
23,
31,
54,
18,
36,
67,
77,
41,
43,
60,
48,
1,
1,
1,
2,
1,
17,
42,
49,
26,
33,
28,
63,
29,
54,
89,
116,
26,
38,
21,
64,
25,
32,
31,
46,
13,
6,
36,
44,
37,
67,
63,
98,
26,
44,
60,
61,
15,
38,
31,
68,
6,
43,
51,
66,
21,
35,
51,
62,
26,
26,
35,
75,
16,
21,
29,
57,
17,
13,
24,
64,
11,
22,
18,
42,
16,
46,
49,
50,
13,
15,
46,
61,
3,
23,
35,
47,
26,
39,
35,
67,
4,
1,
24,
28,
31,
68,
70,
75,
19,
46,
43,
66,
42,
80,
63,
90,
16,
25,
18,
48,
37,
51,
57,
75,
16,
26,
24,
27,
21,
21,
58,
61,
20,
17,
29,
61,
16,
17,
41,
57,
18,
25,
27,
38,
16,
18,
47,
52,
26,
33,
28,
70,
6,
43,
37,
42,
17,
33,
57,
74,
23,
65,
76,
77,
8,
10,
17,
58,
25,
51,
52,
67,
22,
25,
24,
33,
20,
18,
51,
57,
23,
71,
67,
81,
1,
18,
50,
56,
18,
49,
70,
113,
14,
30,
38,
50,
13,
29,
44,
50,
40,
43,
26,
32,
9,
24,
39,
63,
26,
46,
60,
80,
40,
61,
52,
86,
23,
31,
42,
42,
15,
14,
9,
12,
6,
36,
38,
48,
15,
27,
51,
49,
15,
21,
27,
45,
6,
8,
12,
47,
16,
40,
42,
71,
53,
64,
61,
60,
17,
26,
55,
66,
2,
11,
15,
24,
24,
26,
27,
33,
40,
37,
38,
42,
26,
35,
63,
87,
21,
21,
17,
29,
16,
8,
18,
33,
21,
33,
26,
28,
42,
67,
65,
75,
13,
14,
23,
43,
39,
74,
103,
102,
17,
28,
38,
51,
30,
37,
39,
48,
51,
67,
74,
107,
27,
43,
55,
70,
10,
15,
30,
46,
17,
21,
32,
60,
23,
29,
25,
43,
4,
13,
7,
44,
18,
40,
49,
49,
14,
10,
23,
52,
14,
6,
14,
25,
44,
68,
64,
76,
21,
18,
28,
41,
37,
59,
60,
57,
35,
40,
26,
36,
21,
53,
65,
73,
43,
68,
65,
81,
5,
36,
38,
46,
13,
26,
45,
50,
16,
16,
40,
57,
19,
26,
28,
38,
7,
37,
38,
46,
1,
1,
5,
41,
21,
18,
15,
43,
11,
8,
6,
16,
15,
13,
7,
27,
31,
25,
26,
33,
16,
46,
40,
56,
23,
24,
43,
49,
55,
57,
63,
110,
26,
39,
52,
65,
22,
52,
52,
67,
20,
26,
25,
23,
17,
17,
49,
56,
13,
20,
32,
42,
26,
26,
39,
57,
43,
56,
55,
80,
31,
68,
68,
77,
18,
29,
38,
60,
19,
25,
26,
36,
17,
45,
55,
74,
40,
49,
54,
78,
40,
50,
60,
84,
42,
70,
64,
79,
27,
44,
54,
60,
11,
47,
53,
43,
7,
14,
29,
41,
24,
52,
57,
65,
14,
22,
31,
44,
10,
21,
34,
41,
16,
49,
59,
96,
9,
43,
52,
44,
27,
26,
35,
77,
14,
20,
24,
21,
14,
14,
7,
18,
12,
16,
16,
40,
8,
34,
26,
40,
29,
44,
50,
58,
31,
24,
51,
75,
23,
17,
18,
25,
25,
42,
79,
73,
16,
25,
22,
59,
28,
37,
35,
41,
48,
72,
70,
81,
14,
34,
42,
58,
37,
47,
85,
77,
26,
23,
20,
58,
7,
36,
39,
43,
22,
29,
59,
62,
38,
42,
60,
71,
26,
38,
47,
63,
52,
50,
49,
57,
39,
49,
65,
73,
49,
91,
100,
103,
28,
42,
46,
64,
24,
24,
51,
53,
37,
50,
60,
72,
12,
7,
43,
43,
12,
24,
54,
52,
43,
58,
57,
62,
43,
49,
49,
40,
21,
51,
53,
66,
34,
78,
63,
75,
7,
26,
40,
42,
15,
19,
50,
70,
42,
67,
95,
105,
41,
36,
47,
69,
23,
33,
30,
43,
36,
36,
34,
53,
26,
38,
43,
65,
13,
32,
44,
58,
14,
19,
21,
32,
18,
16,
16,
40,
17,
17,
42,
70,
7,
33,
13,
34,
47,
90,
95,
152,
20,
19,
18,
34,
12,
6,
37,
37,
7,
4,
47,
52,
44,
57,
66,
73,
37,
34,
40,
81,
18,
31,
45,
40,
23,
31,
39,
37,
14,
14,
17,
14,
28,
50,
54,
57,
23,
24,
21,
42,
21,
32,
38,
32,
26,
49,
71,
88,
26,
32,
25,
63,
13,
7,
42,
37,
15,
13,
31,
64,
15,
38,
33,
73,
17,
13,
13,
19,
34,
43,
66,
67,
22,
35,
44,
42,
11,
20,
30,
81,
15,
10,
22,
31,
26,
47,
64,
73,
26,
38,
53,
68,
29,
26,
41,
84,
20,
18,
19,
24,
14,
28,
62,
77,
4,
16,
15,
52,
38,
38,
31,
44,
25,
33,
26,
29,
20,
43,
40,
51,
23,
22,
29,
37,
45,
49,
54,
64,
20,
35,
39,
52,
8,
44,
38,
50,
29,
49,
87,
108,
21,
30,
36,
77,
42,
70,
67,
77,
27,
46,
42,
44,
39,
56,
64,
79,
15,
27,
60,
65,
22,
39,
52,
72,
27,
26,
39,
46,
37,
54,
95,
107,
37,
53,
92,
102,
26,
40,
47,
61,
28,
37,
36,
87,
18,
24,
19,
62,
43,
57,
64,
63,
7,
25,
19,
38,
25,
44,
91,
100,
17,
19,
28,
51,
46,
50,
38,
49,
37,
52,
88,
93,
23,
44,
43,
52,
27,
45,
46,
56,
13,
24,
26,
44,
28,
48,
35,
37,
35,
26,
35,
51,
15,
25,
22,
61,
63,
72,
75,
103,
27,
49,
40,
37,
26,
40,
78,
72,
7,
28,
36,
30,
38,
43,
59,
74,
14,
31,
63,
81,
8,
23,
38,
50,
27,
49,
39,
49,
13,
19,
35,
80,
26,
43,
59,
78,
52,
68,
69,
84,
47,
53,
50,
48,
29,
37,
49,
93,
19,
20,
27,
65,
37,
37,
45,
82,
26,
44,
58,
71,
21,
28,
24,
66,
46,
49,
55,
65,
1,
10,
13,
30,
26,
40,
76,
98,
21,
58,
57,
71,
8,
41,
37,
29,
28,
50,
26,
19,
38,
42,
35,
54,
22,
40,
38,
52,
17,
29,
42,
26,
46,
38,
44,
58,
15,
36,
72,
78,
30,
77,
88,
87,
22,
33,
26,
26,
17,
35,
71,
76,
22,
47,
76,
91,
14,
38,
63,
74,
19,
34,
47,
49,
12,
13,
27,
65,
6,
24,
26,
36,
8,
38,
31,
29,
1,
9,
23,
30,
6,
36,
37,
44,
10,
32,
73,
81,
12,
28,
43,
60,
10,
23,
35,
37,
41,
54,
52,
58,
20,
21,
25,
37,
18,
26,
39,
47,
19,
21,
40,
84,
6,
46,
29,
43,
26,
33,
48,
95,
14,
16,
16,
37,
13,
26,
68,
71,
47,
52,
37,
47,
22,
36,
30,
31,
19,
20,
31,
54,
30,
64,
71,
80,
45,
49,
54,
73,
18,
32,
27,
29,
17,
36,
44,
63,
44,
52,
45,
51,
30,
29,
21,
24,
27,
42,
36,
32,
19,
45,
74,
85,
7,
28,
29,
54,
38,
42,
59,
65,
18,
36,
62,
82,
24,
43,
61,
54,
24,
21,
21,
17,
14,
16,
26,
49,
22,
67,
68,
75,
49,
64,
64,
91,
29,
73,
85,
128,
8,
37,
38,
44,
30,
36,
41,
88,
16,
29,
44,
65,
46,
65,
76,
80,
26,
45,
51,
74,
9,
20,
34,
49,
37,
54,
48,
54,
7,
42,
27,
24,
22,
13,
32,
65,
17,
18,
28,
50,
43,
57,
64,
73,
32,
26,
26,
42,
9,
1,
6,
13,
24,
19,
17,
33,
55,
64,
75,
106,
22,
31,
26,
37,
8,
13,
8,
42,
37,
42,
59,
79,
18,
38,
45,
70,
47,
46,
38,
43,
26,
29,
31,
33,
15,
18,
28,
45,
24,
29,
46,
46,
26,
44,
66,
74,
23,
36,
49,
45,
13,
25,
25,
28,
16,
33,
42,
51,
40,
56,
55,
73,
21,
23,
33,
51,
62,
59,
57,
61,
3,
1,
25,
19,
7,
29,
19,
47,
26,
30,
45,
53,
23,
24,
32,
28,
17,
28,
28,
64,
23,
24,
26,
44,
35,
44,
57,
83,
16,
43,
64,
84,
21,
38,
45,
82,
44,
44,
49,
63,
15,
21,
16,
29,
26,
45,
73,
86,
13,
30,
51,
71,
32,
42,
40,
51,
22,
47,
70,
78,
19,
34,
51,
88,
48,
66,
62,
74,
33,
26,
36,
62,
21,
32,
38,
45,
38,
61,
61,
82,
55,
69,
86,
98,
26,
42,
43,
72,
36,
50,
63,
87,
20,
24,
23,
20,
25,
33,
36,
43,
17,
23,
43,
47,
42,
61,
85,
99,
15,
24,
46,
73,
7,
17,
16,
22,
11,
13,
7,
28,
35,
50,
43,
81,
7,
30,
35,
43,
40,
56,
75,
88,
32,
35,
42,
78,
33,
42,
49,
50,
16,
49,
62,
96,
16,
24,
50,
57,
27,
43,
53,
86,
43,
40,
59,
77,
41,
72,
56,
52,
22,
56,
85,
96,
36,
57,
68,
106,
31,
37,
43,
65,
46,
81,
66,
105,
20,
26,
49,
49,
14,
25,
31,
47,
16,
25,
31,
52,
26,
40,
35,
52,
7,
38,
42,
56,
22,
24,
49,
87,
32,
44,
38,
43,
46,
65,
76,
97,
19,
26,
43,
49,
17,
26,
47,
75,
38,
43,
68,
109,
43,
63,
74,
88,
44,
68,
83,
101,
29,
37,
52,
58,
16,
27,
49,
61,
20,
29,
31,
43,
30,
27,
32,
37,
22,
54,
81,
75,
14,
18,
26,
56,
21,
29,
52,
75,
32,
38,
46,
65,
15,
22,
37,
38,
27,
36,
29,
39,
43,
63,
90,
104,
19,
30,
26,
46,
19,
43,
58,
39,
10,
9,
30,
18,
32,
57,
73,
94,
34,
42,
50,
76,
11,
7,
28,
54,
34,
45,
45,
40,
13,
17,
27,
48,
33,
45,
43,
81,
34,
70,
74,
75,
20,
23,
47,
72,
48,
51,
62,
93,
25,
38,
42,
53,
35,
72,
55,
66,
9,
20,
45,
63,
26,
42,
57,
93,
34,
58,
36,
75,
19,
27,
45,
57,
1,
16,
33,
25,
25,
42,
62,
73,
22,
24,
27,
35,
35,
70,
44,
31,
17,
34,
48,
88,
34,
30,
42,
58,
46,
61,
68,
59,
15,
22,
27,
52,
31,
37,
42,
39,
49,
72,
79,
89,
33,
28,
31,
42,
34,
56,
74,
109,
9,
15,
24,
25,
14,
22,
34,
63,
36,
47,
51,
81,
29,
53,
38,
71,
42,
80,
84,
130,
37,
75,
98,
118,
34,
66,
73,
92,
5,
25,
26,
36,
48,
71,
91,
136,
34,
52,
63,
72,
31,
42,
43,
77,
47,
37,
22,
25,
38,
39,
37,
35,
34,
40,
48,
62,
24,
29,
40,
61,
35,
52,
36,
73,
21,
13,
31,
42,
21,
54,
57,
45,
26,
36,
61,
70,
8,
29,
48,
67,
18,
26,
45,
63,
39,
47,
46,
72,
16,
35,
59,
62,
30,
46,
49,
44,
4,
11,
23,
29,
32,
64,
84,
108,
32,
37,
34,
50,
27,
42,
55,
66,
28,
41,
46,
65,
26,
29,
40,
53,
28,
50,
52,
81,
41,
76,
80,
88,
23,
41,
51,
67,
19,
32,
48,
87,
24,
32,
46,
46,
27,
43,
54,
74,
32,
58,
45,
79,
42,
63,
66,
84,
53,
64,
69,
108,
20,
29,
42,
33,
18,
35,
50,
50,
26,
41,
38,
51,
27,
37,
49,
69,
34,
45,
43,
57,
22,
46,
53,
50,
28,
55,
46,
51,
25,
24,
36,
27,
29,
49,
55,
76,
27,
46,
45,
78,
5,
31,
45,
51,
26,
29,
36,
58,
24,
36,
43,
59,
1,
11,
27,
56,
24,
25,
46,
56,
28,
42,
55,
70,
25,
49,
75,
110,
21,
34,
49,
64,
21,
32,
47,
59,
4,
1,
17,
46,
31,
58,
45,
80,
17,
37,
60,
64,
28,
52,
49,
81,
15,
18,
31,
61,
48,
79,
87,
105,
26,
52,
60,
103,
28,
26,
43,
59,
26,
37,
58,
82,
42,
55,
58,
58,
3,
1,
10,
8,
8,
28,
42,
65,
19,
26,
38,
41,
19,
23,
40,
60,
1,
2,
3,
1,
16,
27,
27,
28,
8,
10,
24,
57,
36,
61,
37,
61,
23,
21,
30,
31,
33,
36,
33,
50,
19,
21,
12,
32,
32,
44,
39,
38,
17,
19,
12,
29,
27,
37,
30,
43,
22,
13,
29,
66,
6,
32,
44,
48,
24,
17,
29,
53,
35,
50,
41,
40,
23,
17,
13,
30,
33,
30,
30,
28,
24,
22,
14,
16,
15,
18,
29,
38,
23,
28,
32,
63,
20,
26,
36,
34,
28,
43,
42,
37,
23,
52,
64,
72,
28,
15,
32,
56,
1,
16,
32,
36,
16,
28,
48,
36,
31,
66,
71,
78,
26,
15,
33,
56,
14,
34,
58,
79,
12,
5,
21,
12,
18,
25,
16,
37,
29,
23,
14,
32,
8,
9,
22,
22,
33,
48,
44,
60,
33,
57,
68,
75,
36,
55,
34,
42,
24,
24,
34,
57,
26,
31,
26,
39,
1,
7,
24,
46,
15,
34,
49,
57,
17,
1,
5,
19,
35,
51,
35,
37,
21,
19,
36,
47,
15,
33,
50,
52,
26,
15,
23,
37,
22,
33,
36,
41,
17,
32,
60,
71,
27,
39,
31,
65,
13,
29,
49,
63,
23,
39,
53,
71,
13,
35,
65,
77,
31,
43,
35,
33,
23,
19,
18,
16,
34,
57,
59,
64,
23,
16,
19,
37,
1,
12,
36,
29,
28,
52,
60,
86,
18,
36,
50,
32,
26,
26,
20,
14,
38,
49,
53,
86,
13,
29,
49,
56,
30,
26,
37,
65,
14,
22,
42,
59,
25,
35,
45,
45,
28,
37,
33,
50,
22,
51,
55,
56,
39,
42,
50,
67,
8,
19,
34,
58,
31,
38,
54,
84,
30,
45,
54,
73,
34,
32,
43,
49,
14,
20,
33,
26,
17,
22,
16,
30,
26,
39,
68,
84,
35,
53,
50,
53,
16,
9,
10,
26,
20,
26,
38,
52,
24,
42,
32,
66,
33,
58,
59,
61,
2,
6,
18,
36,
36,
63,
43,
63,
4,
12,
25,
50,
27,
42,
32,
61,
1,
4,
22,
46,
15,
26,
24,
36,
29,
28,
50,
77,
24,
5,
1,
7,
14,
29,
49,
47,
18,
31,
45,
49,
23,
34,
59,
81,
12,
18,
30,
55,
30,
33,
28,
38,
13,
23,
44,
55,
33,
37,
46,
59,
34,
59,
77,
94,
30,
25,
14,
35,
7,
9,
6,
12,
6,
28,
39,
47,
20,
14,
33,
59,
32,
51,
37,
63,
23,
21,
36,
36,
14,
6,
33,
27,
24,
16,
26,
57,
41,
40,
49,
71,
29,
42,
37,
66,
22,
47,
56,
69,
32,
34,
28,
37,
1,
16,
32,
50,
12,
26,
24,
42,
23,
33,
31,
26,
14,
18,
21,
36,
38,
46,
52,
72,
14,
19,
35,
58,
28,
38,
33,
68,
13,
31,
57,
61,
26,
28,
24,
41,
3,
7,
24,
35,
5,
32,
38,
46,
24,
37,
56,
75,
20,
26,
40,
33,
24,
26,
32,
59,
34,
50,
50,
64,
24,
14,
34,
56,
29,
41,
53,
48,
28,
44,
35,
53,
22,
44,
47,
48,
6,
24,
17,
25,
52,
65,
65,
79,
22,
26,
33,
60,
20,
44,
53,
55,
27,
27,
24,
40,
28,
39,
44,
60,
16,
28,
47,
44,
14,
26,
44,
62,
37,
46,
61,
84,
13,
29,
46,
60,
31,
39,
43,
71,
10,
28,
38,
43,
25,
28,
48,
45,
16,
29,
52,
73,
4,
15,
15,
30,
13,
33,
59,
78,
29,
26,
25,
24,
13,
35,
43,
48,
23,
14,
24,
24,
10,
27,
29,
40,
27,
38,
52,
51,
20,
30,
55,
73,
18,
27,
37,
29,
31,
58,
74,
77,
38,
46,
61,
67,
15,
25,
52,
68,
32,
38,
44,
73,
13,
30,
39,
31,
22,
33,
31,
46,
31,
39,
51,
63,
17,
32,
47,
46,
18,
30,
51,
76,
38,
46,
52,
70,
13,
28,
48,
58,
25,
42,
59,
90,
34,
58,
66,
87,
42,
72,
80,
87,
35,
72,
74,
75,
33,
43,
50,
60,
12,
6,
28,
51,
5,
12,
23,
36,
48,
65,
66,
106,
41,
71,
84,
102,
32,
49,
35,
30,
31,
35,
55,
71,
21,
33,
60,
75,
47,
74,
74,
80,
34,
27,
35,
36,
40,
60,
72,
93,
35,
40,
35,
51,
24,
46,
67,
112,
26,
34,
55,
74,
38,
49,
43,
81,
18,
26,
25,
31,
33,
37,
38,
46,
37,
39,
44,
51,
16,
32,
49,
72,
20,
34,
34,
51,
42,
75,
63,
87,
6,
18,
36,
70,
36,
60,
69,
66,
31,
38,
36,
56,
16,
33,
58,
74,
20,
31,
44,
74,
16,
22,
40,
48,
12,
21,
29,
19,
16,
33,
57,
63,
32,
51,
47,
60,
6,
33,
38,
46,
32,
60,
71,
109,
21,
56,
84,
115,
18,
43,
62,
60,
15,
31,
36,
69,
34,
48,
50,
36,
33,
44,
50,
62,
17,
40,
51,
56,
33,
45,
40,
54,
16,
19,
16,
24,
35,
26,
36,
62,
35,
68,
73,
93,
4,
22,
35,
30,
36,
45,
54,
81,
20,
29,
25,
42,
17,
42,
70,
74,
34,
42,
62,
83,
5,
11,
7,
16,
6,
36,
40,
60,
23,
12,
20,
29,
30,
48,
62,
97,
24,
26,
56,
84,
38,
46,
41,
53,
26,
34,
54,
84,
19,
27,
44,
62,
17,
19,
34,
69,
20,
34,
53,
88,
36,
55,
53,
94,
40,
52,
63,
85,
17,
32,
53,
72,
49,
57,
42,
74,
15,
23,
32,
52,
36,
49,
38,
40,
34,
45,
38,
77,
12,
5,
15,
44,
33,
42,
63,
84,
38,
75,
53,
92,
20,
29,
26,
40,
23,
32,
39,
63,
26,
43,
51,
88,
11,
35,
36,
51,
34,
68,
63,
68,
38,
47,
57,
72,
36,
39,
48,
55,
38,
44,
45,
60,
26,
36,
58,
74,
31,
48,
48,
74,
15,
24,
40,
62,
5,
11,
15,
34,
16,
22,
51,
58,
26,
43,
75,
102,
16,
40,
59,
66,
21,
39,
37,
49,
31,
44,
65,
100,
36,
72,
52,
73,
30,
30,
32,
37,
26,
39,
37,
50,
25,
50,
75,
88,
6,
30,
46,
60,
28,
51,
64,
65,
35,
55,
53,
91,
20,
16,
22,
24,
24,
56,
48,
65,
26,
38,
38,
39,
34,
67,
58,
67,
30,
30,
35,
43,
1,
6,
31,
49,
37,
46,
54,
70,
16,
35,
52,
74,
49,
56,
52,
84,
26,
42,
56,
88,
13,
21,
45,
54,
17,
38,
36,
40,
18,
19,
25,
51,
30,
36,
34,
31,
12,
15,
30,
53,
18,
34,
53,
59,
16,
25,
24,
25,
6,
10,
18,
28,
17,
6,
2,
16,
16,
40,
57,
50,
37,
42,
52,
76,
9,
9,
29,
62,
29,
41,
56,
60,
13,
18,
24,
29,
14,
20,
25,
16,
12,
5,
28,
38,
39,
45,
59,
79,
16,
35,
63,
87,
33,
50,
38,
33,
28,
39,
31,
40,
8,
9,
18,
46,
29,
45,
38,
45,
16,
14,
30,
43,
18,
34,
54,
40,
15,
28,
32,
26,
13,
32,
45,
56,
31,
46,
53,
63,
23,
11,
14,
28,
16,
17,
37,
58,
15,
18,
28,
53,
13,
37,
59,
92,
31,
32,
33,
34,
9,
26,
20,
14,
5,
9,
25,
49,
32,
29,
16,
36,
26,
16,
25,
52,
6,
5,
17,
37,
17,
33,
37,
46,
42,
42,
65,
84,
32,
37,
46,
45,
32,
33,
36,
47,
6,
16,
27,
58,
32,
36,
32,
34,
25,
14,
6,
19,
5,
9,
24,
49,
32,
28,
34,
32,
20,
6,
13,
25,
15,
17,
31,
56,
15,
27,
37,
45,
13,
31,
39,
42,
32,
48,
42,
61,
25,
22,
19,
29,
24,
32,
42,
62,
15,
25,
24,
41,
13,
34,
43,
57,
33,
26,
26,
24,
26,
14,
24,
54,
16,
28,
33,
38,
17,
26,
26,
32,
8,
9,
25,
39,
19,
35,
49,
33,
25,
14,
26,
57,
6,
1,
15,
36,
20,
26,
38,
42,
31,
54,
50,
70,
9,
25,
39,
34,
4,
11,
14,
35,
14,
32,
58,
77,
3,
19,
27,
33,
37,
49,
63,
73,
18,
30,
53,
72,
7,
36,
57,
57,
28,
37,
43,
63,
10,
23,
34,
47,
16,
30,
26,
33,
28,
56,
45,
71,
24,
31,
38,
45,
13,
33,
58,
78,
43,
53,
39,
36,
32,
35,
47,
75,
14,
21,
34,
47,
36,
55,
33,
35,
24,
16,
28,
57,
16,
24,
46,
61,
34,
57,
27,
14,
25,
16,
11,
22,
13,
26,
46,
70,
33,
50,
50,
55,
24,
18,
30,
59,
9,
22,
45,
61,
38,
47,
63,
72,
25,
38,
67,
92,
23,
46,
57,
69,
39,
43,
54,
61,
16,
25,
50,
77,
13,
39,
50,
40,
28,
35,
32,
56,
17,
37,
56,
82,
43,
45,
27,
31,
33,
34,
36,
54,
14,
30,
48,
53,
31,
37,
33,
54,
27,
24,
18,
16,
8,
6,
22,
50,
28,
41,
19,
21,
25,
16,
29,
54,
22,
44,
54,
53,
18,
31,
32,
18,
13,
32,
32,
61,
32,
37,
33,
32,
27,
40,
36,
64,
17,
25,
21,
43,
10,
13,
30,
58,
13,
35,
57,
77,
17,
34,
51,
40,
6,
24,
25,
39,
13,
36,
61,
83,
32,
45,
38,
54,
24,
5,
1,
16,
23,
48,
64,
60,
23,
13,
26,
48,
21,
19,
32,
40,
41,
57,
61,
78,
30,
47,
40,
62,
3,
4,
1,
1,
31,
53,
44,
44,
27,
24,
36,
53,
1,
15,
31,
41,
5,
7,
10,
22,
14,
33,
48,
62,
18,
35,
52,
54,
42,
34,
34,
58,
14,
33,
56,
65,
20,
51,
75,
68,
22,
15,
34,
57,
13,
32,
49,
66,
32,
42,
52,
56,
15,
19,
28,
31,
39,
71,
93,
103,
2,
5,
28,
44,
38,
40,
53,
70,
7,
15,
30,
53,
13,
6,
28,
39,
31,
36,
20,
28,
20,
36,
52,
50,
32,
33,
33,
46,
16,
36,
58,
63,
31,
50,
44,
60,
35,
51,
70,
85,
19,
42,
44,
23,
16,
37,
60,
63,
23,
39,
51,
79,
24,
34,
51,
63,
19,
38,
47,
57,
24,
23,
38,
54,
16,
37,
46,
62,
28,
25,
42,
67,
31,
58,
52,
80,
37,
43,
59,
85,
19,
39,
48,
53,
6,
6,
12,
6,
7,
4,
14,
39,
29,
58,
64,
84,
12,
14,
23,
28,
17,
6,
21,
47,
25,
25,
28,
46,
36,
33,
34,
58,
29,
28,
42,
52,
36,
46,
50,
58,
28,
28,
25,
49,
16,
31,
49,
53,
23,
46,
51,
76,
29,
51,
53,
79,
18,
15,
24,
41,
25,
32,
44,
67,
14,
33,
38,
61,
36,
46,
67,
86,
28,
33,
49,
64,
37,
43,
50,
57,
16,
29,
23,
22,
19,
49,
68,
108,
24,
45,
59,
59,
2,
3,
8,
30,
18,
29,
24,
30,
23,
21,
40,
54,
38,
52,
78,
92,
26,
43,
56,
69,
27,
33,
49,
66,
28,
26,
50,
77,
29,
22,
16,
22,
17,
37,
60,
54,
24,
46,
51,
77,
34,
47,
65,
89,
29,
45,
70,
92,
23,
33,
47,
66,
54,
69,
87,
110,
25,
36,
35,
52,
30,
22,
21,
45,
31,
60,
44,
78,
41,
59,
67,
98,
19,
29,
24,
23,
27,
44,
57,
54,
1,
15,
32,
25,
29,
48,
69,
92,
25,
50,
59,
73,
38,
52,
65,
91,
36,
51,
59,
84,
28,
36,
50,
67,
29,
37,
38,
41,
38,
49,
46,
81,
18,
43,
36,
57,
20,
39,
46,
26,
27,
51,
49,
61,
32,
48,
59,
78,
25,
28,
45,
64,
20,
39,
56,
66,
28,
41,
55,
67,
20,
35,
38,
41,
7,
25,
20,
44,
17,
23,
40,
51,
29,
23,
31,
47,
41,
54,
64,
93,
22,
49,
57,
78,
19,
41,
48,
58,
32,
54,
57,
88,
25,
28,
46,
74,
21,
33,
48,
56,
29,
40,
54,
75,
25,
42,
59,
64,
39,
52,
78,
90,
27,
43,
50,
69,
31,
50,
44,
65,
35,
52,
68,
86,
17,
37,
60,
54,
24,
49,
59,
77,
31,
38,
43,
49,
8,
5,
4,
10,
33,
46,
59,
75,
30,
40,
28,
47,
24,
24,
49,
67,
25,
26,
25,
27,
23,
37,
55,
69,
23,
14,
30,
45,
29,
22,
31,
54,
31,
60,
54,
84,
40,
49,
67,
94,
18,
37,
58,
54,
24,
41,
51,
78,
18,
45,
54,
28,
17,
40,
49,
79,
28,
50,
52,
58,
25,
32,
35,
56,
28,
49,
43,
58,
25,
44,
52,
78,
28,
33,
50,
66,
29,
41,
53,
76,
31,
58,
45,
77,
41,
50,
68,
100,
20,
50,
63,
79,
22,
35,
45,
43,
28,
49,
63,
76,
33,
54,
91,
114,
24,
37,
53,
78,
20,
37,
57,
67,
29,
40,
54,
58,
22,
34,
48,
54,
33,
28,
41,
63,
26,
38,
43,
59,
28,
23,
25,
33,
36,
51,
68,
79,
7,
28,
28,
41,
43,
61,
80,
100,
18,
45,
63,
79,
24,
46,
51,
81,
2,
9,
34,
33,
42,
68,
73,
89,
29,
48,
50,
63,
21,
33,
55,
72,
10,
5,
23,
40,
47,
67,
96,
109,
27,
63,
81,
97,
29,
21,
33,
56,
31,
60,
54,
82,
43,
56,
72,
106,
16,
37,
60,
63,
22,
38,
51,
76,
29,
46,
64,
80,
34,
54,
66,
86,
25,
32,
49,
63,
21,
37,
48,
64,
29,
46,
64,
81,
21,
33,
47,
58,
43,
76,
76,
99,
22,
50,
58,
79,
23,
17,
22,
47,
30,
40,
55,
70,
14,
54,
75,
91,
28,
37,
39,
50,
36,
52,
59,
87,
22,
50,
54,
78,
20,
46,
47,
50,
24,
31,
44,
66,
28,
42,
44,
50,
27,
52,
54,
84,
31,
50,
53,
80,
13,
40,
42,
53,
9,
20,
44,
67,
27,
35,
50,
55,
26,
51,
72,
109,
19,
24,
38,
57,
30,
22,
30,
54,
40,
47,
43,
47,
20,
29,
22,
37,
13,
24,
36,
28,
29,
50,
43,
58,
38,
54,
67,
87,
31,
49,
55,
70,
17,
31,
50,
63,
20,
40,
54,
78,
12,
14,
17,
18,
32,
45,
59,
92,
10,
29,
25,
31,
19,
23,
38,
41,
32,
49,
78,
112,
39,
42,
58,
69,
19,
30,
33,
58,
39,
47,
45,
66,
27,
26,
39,
44,
26,
30,
50,
53,
25,
19,
38,
32,
38,
63,
64,
82,
3,
1,
14,
18,
11,
7,
30,
33,
6,
23,
15,
30,
20,
37,
31,
50,
25,
38,
31,
50,
18,
22,
20,
25,
31,
44,
63,
88,
1,
6,
30,
33,
28,
60,
64,
84,
44,
52,
61,
66,
25,
20,
37,
30,
31,
46,
63,
78,
32,
54,
76,
86,
6,
23,
14,
45,
13,
32,
26,
46,
28,
51,
76,
82,
1,
5,
15,
18,
9,
8,
26,
43,
13,
7,
25,
33,
6,
30,
45,
51,
19,
41,
53,
74,
28,
42,
54,
65,
6,
25,
29,
47,
15,
52,
64,
91,
28,
60,
62,
82,
37,
31,
64,
66,
15,
24,
19,
43,
25,
25,
46,
47,
23,
29,
24,
22,
38,
42,
39,
50,
29,
31,
46,
52,
15,
35,
50,
61,
54,
81,
79,
114,
28,
48,
63,
78,
30,
40,
54,
74,
28,
44,
55,
80,
31,
56,
44,
54,
5,
23,
40,
56,
18,
12,
29,
57,
22,
22,
43,
55,
27,
36,
42,
58,
29,
25,
40,
58,
23,
41,
51,
68,
33,
49,
59,
78,
21,
40,
40,
49,
36,
57,
80,
116,
29,
36,
49,
46,
30,
43,
43,
71,
18,
24,
43,
65,
32,
40,
31,
51,
38,
42,
39,
53,
16,
29,
45,
52,
39,
44,
65,
88,
30,
79,
94,
110,
17,
31,
50,
52,
17,
31,
49,
53,
30,
43,
49,
46,
27,
43,
45,
59,
23,
37,
55,
55,
30,
21,
22,
46,
22,
29,
35,
44,
32,
48,
56,
73,
21,
33,
48,
55,
25,
52,
70,
76,
30,
60,
73,
98,
42,
61,
80,
98,
30,
38,
40,
65,
18,
25,
25,
17,
12,
7,
25,
32,
28,
31,
46,
52,
15,
34,
57,
60,
28,
43,
64,
71,
40,
54,
59,
54,
29,
40,
53,
80,
27,
45,
45,
79,
30,
49,
54,
70,
18,
39,
54,
66,
30,
51,
52,
80,
28,
49,
66,
76,
29,
49,
66,
75,
32,
50,
55,
70,
18,
24,
27,
42,
19,
33,
33,
51,
23,
22,
34,
27,
28,
49,
64,
74,
29,
41,
44,
50,
31,
60,
46,
80,
20,
42,
53,
67,
29,
50,
65,
81,
28,
41,
60,
88,
27,
42,
60,
75,
28,
28,
42,
64,
37,
49,
49,
45,
18,
45,
63,
81,
30,
52,
60,
55,
28,
50,
54,
57,
28,
51,
45,
69,
29,
27,
25,
48,
20,
37,
48,
43,
32,
55,
69,
81,
22,
15,
27,
49,
36,
48,
69,
74,
30,
43,
48,
66,
42,
78,
84,
102,
25,
54,
80,
90,
43,
39,
52,
74,
38,
54,
76,
92,
5,
23,
15,
30,
41,
66,
65,
93,
5,
29,
32,
50,
27,
33,
37,
42,
26,
42,
56,
88,
16,
22,
33,
50,
27,
37,
45,
63,
27,
32,
37,
42,
23,
17,
33,
42,
3,
1,
26,
38,
8,
21,
39,
39,
34,
44,
56,
58,
29,
27,
33,
32,
40,
44,
55,
84,
34,
64,
59,
72,
17,
43,
72,
55,
37,
62,
82,
115,
34,
42,
65,
107,
6,
27,
25,
42,
47,
35,
23,
24,
34,
32,
39,
43,
24,
33,
41,
62,
15,
21,
26,
54,
34,
56,
37,
74,
51,
51,
62,
85,
13,
6,
30,
47,
32,
49,
53,
82,
14,
24,
19,
42,
35,
51,
54,
59,
32,
33,
37,
42,
14,
28,
35,
61,
18,
17,
36,
59,
25,
39,
49,
53,
34,
59,
51,
58,
34,
29,
32,
30,
34,
51,
50,
61,
8,
17,
26,
40,
19,
35,
63,
81,
32,
26,
34,
40,
41,
43,
56,
73,
33,
69,
74,
72,
50,
59,
70,
85,
14,
21,
28,
52,
29,
53,
60,
61,
27,
32,
37,
43,
33,
53,
44,
73,
19,
43,
61,
55,
35,
45,
45,
47,
29,
22,
22,
21,
26,
33,
36,
51,
6,
14,
21,
43,
20,
38,
45,
39,
27,
33,
33,
42,
27,
44,
64,
73,
31,
32,
34,
74,
34,
45,
48,
45,
49,
84,
91,
118,
16,
33,
48,
84,
36,
56,
61,
84,
9,
38,
37,
49,
17,
32,
52,
72,
19,
37,
50,
42,
22,
27,
24,
56,
1,
1,
8,
16,
36,
55,
32,
38,
34,
48,
52,
63,
39,
38,
37,
49,
61,
60,
58,
50,
34,
30,
39,
42,
19,
24,
54,
58,
30,
13,
31,
55,
43,
49,
63,
86,
35,
59,
63,
68,
25,
23,
34,
44,
13,
32,
39,
57,
23,
24,
26,
40,
25,
37,
29,
30,
34,
66,
58,
57,
5,
12,
10,
22,
26,
34,
56,
88,
26,
32,
60,
92,
36,
40,
25,
36,
31,
49,
47,
47,
19,
46,
65,
87,
13,
31,
61,
85,
34,
36,
35,
47,
22,
50,
49,
74,
6,
35,
51,
72,
13,
22,
24,
19,
15,
35,
58,
62,
36,
70,
64,
72,
39,
52,
72,
71,
26,
37,
37,
62,
28,
43,
68,
90,
35,
52,
37,
39,
22,
26,
18,
38,
22,
47,
63,
72,
21,
36,
44,
50,
30,
38,
41,
64,
17,
32,
36,
33,
36,
67,
46,
44,
39,
46,
57,
61,
12,
22,
26,
56,
32,
27,
32,
17,
17,
34,
56,
40,
34,
42,
58,
96,
17,
30,
46,
73,
37,
54,
66,
84,
12,
6,
28,
51,
34,
32,
38,
44,
20,
54,
74,
88,
21,
24,
33,
38,
20,
20,
21,
33,
19,
53,
60,
72,
16,
38,
66,
73,
37,
57,
46,
54,
18,
25,
24,
42,
46,
63,
63,
73,
27,
37,
37,
49,
30,
47,
49,
43,
1,
4,
12,
38,
23,
24,
53,
88,
16,
21,
35,
64,
35,
59,
68,
106,
16,
42,
42,
46,
32,
32,
38,
43,
26,
39,
63,
84,
18,
33,
52,
59,
32,
19,
21,
29,
26,
16,
32,
54,
21,
31,
42,
34,
13,
30,
28,
40,
14,
13,
33,
56,
25,
29,
31,
36,
13,
33,
49,
70,
32,
33,
46,
58,
30,
56,
68,
88,
16,
28,
38,
45,
19,
20,
25,
38,
30,
38,
51,
70,
13,
35,
58,
54,
3,
1,
16,
46,
16,
28,
37,
33,
14,
19,
40,
59,
5,
7,
9,
23,
7,
11,
24,
36,
26,
37,
53,
77,
6,
7,
20,
16,
30,
39,
35,
31,
14,
31,
56,
66,
32,
43,
34,
36,
27,
24,
35,
66,
27,
39,
57,
58,
28,
38,
32,
57,
18,
34,
50,
30,
26,
23,
34,
64,
22,
44,
54,
49,
13,
29,
28,
21,
12,
9,
18,
38,
25,
23,
33,
67,
13,
30,
49,
65,
37,
60,
59,
71,
14,
21,
36,
63,
32,
48,
39,
61,
12,
29,
28,
48,
35,
44,
40,
35,
23,
18,
14,
29,
25,
39,
49,
72,
27,
36,
39,
72,
42,
66,
61,
78,
27,
52,
72,
82,
14,
32,
25,
30,
26,
27,
41,
44,
40,
57,
72,
91,
6,
19,
12,
33,
38,
54,
49,
61,
16,
20,
13,
31,
9,
33,
43,
45,
6,
10,
25,
29,
32,
26,
38,
60,
9,
8,
22,
48,
32,
51,
61,
80,
35,
52,
61,
77,
18,
31,
45,
47,
32,
65,
74,
79,
33,
57,
52,
64,
31,
50,
64,
66,
5,
28,
38,
41,
6,
8,
17,
37,
24,
44,
47,
60,
2,
1,
1,
14,
16,
10,
24,
43,
32,
32,
43,
60,
37,
47,
52,
71,
16,
24,
43,
54,
28,
42,
37,
66,
2,
6,
30,
44,
28,
42,
39,
70,
17,
40,
46,
26,
31,
39,
49,
71,
1,
1,
4,
24,
26,
25,
24,
33,
22,
38,
43,
38,
13,
7,
19,
13,
38,
49,
41,
63,
33,
35,
46,
69,
20,
32,
32,
37,
24,
28,
38,
57,
43,
54,
38,
61,
7,
11,
9,
9,
15,
33,
49,
58,
7,
29,
21,
36,
12,
6,
28,
37,
26,
28,
15,
25,
19,
40,
60,
44,
31,
33,
44,
61,
22,
53,
61,
67,
4,
19,
13,
14,
25,
38,
47,
45,
28,
48,
39,
66,
12,
21,
29,
42,
24,
24,
31,
32,
13,
8,
32,
44,
23,
19,
31,
58,
4,
11,
31,
28,
7,
13,
9,
8,
18,
18,
33,
56,
24,
5,
11,
25,
4,
7,
32,
28,
32,
37,
45,
70,
22,
25,
22,
37,
14,
25,
24,
35,
53,
63,
69,
87,
16,
32,
37,
33,
42,
54,
73,
74,
25,
47,
67,
93,
46,
63,
69,
88,
23,
27,
21,
28,
25,
38,
52,
45,
19,
23,
13,
34,
36,
51,
44,
43,
15,
20,
13,
14,
34,
50,
41,
40,
16,
33,
49,
73,
28,
40,
40,
52,
21,
31,
40,
48,
38,
60,
51,
73,
5,
29,
59,
78,
13,
8,
19,
22,
23,
27,
31,
29,
31,
55,
72,
76,
20,
48,
53,
44,
25,
14,
10,
21,
35,
51,
34,
16,
22,
17,
27,
59,
34,
50,
34,
35,
23,
14,
29,
47,
35,
50,
38,
59,
19,
14,
20,
38,
32,
33,
28,
53,
17,
18,
9,
7,
32,
42,
40,
36,
18,
13,
30,
55,
32,
25,
12,
33,
14,
26,
47,
65,
18,
24,
17,
34,
12,
15,
24,
52,
16,
25,
30,
29,
23,
25,
23,
17,
33,
35,
46,
59,
21,
36,
33,
35,
23,
13,
22,
47,
6,
33,
37,
45,
9,
26,
31,
46,
17,
29,
46,
68,
4,
3,
12,
19,
32,
43,
63,
81,
17,
37,
50,
57,
52,
47,
43,
66,
19,
50,
65,
87,
13,
9,
12,
29,
27,
35,
43,
50,
33,
43,
46,
60,
22,
49,
71,
90,
27,
33,
56,
93,
33,
70,
62,
81,
21,
22,
40,
42,
4,
7,
32,
37,
37,
29,
42,
61,
35,
56,
48,
53,
16,
8,
34,
52,
13,
31,
36,
58,
21,
39,
57,
68,
19,
36,
35,
63,
35,
45,
50,
74,
27,
25,
37,
35,
26,
37,
63,
87,
6,
37,
48,
56,
10,
14,
21,
30,
16,
18,
33,
57,
31,
32,
42,
52,
11,
13,
6,
27,
16,
44,
61,
80,
36,
57,
57,
92,
19,
19,
41,
45,
22,
48,
71,
99,
35,
39,
45,
72,
30,
42,
49,
78,
16,
36,
36,
52,
36,
54,
43,
30,
18,
28,
45,
70,
25,
62,
88,
92,
26,
32,
36,
43,
18,
25,
26,
40,
19,
30,
36,
63,
34,
27,
32,
42,
32,
52,
48,
68,
26,
37,
43,
51,
32,
57,
55,
61,
25,
55,
74,
87,
21,
38,
44,
57,
31,
36,
45,
74,
48,
46,
41,
65,
26,
35,
57,
86,
16,
6,
3,
4,
29,
31,
35,
63,
17,
42,
57,
72,
28,
44,
62,
74,
4,
12,
18,
29,
21,
20,
46,
73,
19,
18,
41,
59,
13,
7,
31,
35,
15,
28,
49,
82,
26,
36,
63,
94,
30,
21,
32,
44,
20,
12,
18,
27,
31,
50,
75,
98,
21,
24,
51,
74,
47,
51,
53,
73,
37,
54,
62,
85,
17,
32,
45,
72,
19,
27,
13,
20,
19,
32,
37,
53,
34,
39,
42,
64,
30,
64,
73,
118,
15,
36,
52,
76,
35,
39,
43,
43,
39,
47,
51,
64,
31,
46,
58,
68,
17,
27,
32,
42,
36,
57,
55,
86,
13,
17,
26,
26,
1,
22,
36,
32,
13,
25,
13,
35,
23,
21,
27,
70,
31,
25,
37,
32,
34,
58,
56,
68,
16,
42,
57,
65,
7,
1,
6,
21,
47,
59,
63,
95,
27,
36,
37,
50,
1,
20,
32,
26,
18,
38,
52,
62,
12,
6,
12,
18,
10,
21,
22,
31,
30,
23,
33,
66,
26,
41,
42,
65,
18,
23,
32,
49,
22,
25,
49,
86,
18,
16,
9,
18,
26,
31,
36,
51,
36,
58,
58,
61,
20,
25,
14,
19,
27,
37,
25,
51,
28,
29,
35,
46,
36,
54,
61,
86,
18,
29,
45,
62,
24,
30,
32,
42,
19,
13,
5,
28,
18,
42,
41,
63,
46,
70,
81,
90,
15,
28,
38,
56,
30,
32,
57,
64,
37,
36,
47,
54,
45,
73,
86,
78,
17,
27,
47,
44,
13,
31,
59,
59,
21,
25,
16,
41,
12,
5,
30,
58,
20,
40,
69,
83,
47,
72,
76,
101,
17,
25,
37,
22,
33,
59,
50,
54,
13,
7,
30,
58,
10,
12,
34,
59,
15,
12,
14,
28,
35,
38,
37,
42,
25,
35,
42,
53,
25,
33,
36,
42,
35,
58,
42,
30,
1,
5,
29,
51,
32,
32,
38,
41,
26,
34,
58,
66,
33,
37,
29,
50,
10,
25,
52,
73,
30,
28,
22,
32,
6,
36,
14,
32,
26,
32,
28,
26,
31,
18,
37,
35,
16,
19,
27,
32,
4,
9,
18,
29,
14,
30,
53,
60,
19,
14,
33,
65,
21,
34,
43,
71,
12,
22,
30,
45,
26,
26,
28,
29,
33,
30,
40,
43,
41,
64,
61,
65,
13,
20,
19,
49,
19,
47,
54,
74,
15,
33,
57,
60,
26,
29,
56,
78,
24,
30,
36,
37,
21,
26,
26,
38,
23,
56,
50,
70,
45,
66,
73,
72,
51,
43,
49,
43,
4,
11,
21,
28,
17,
34,
56,
81,
40,
48,
56,
56,
5,
19,
40,
72,
22,
35,
50,
60,
38,
63,
92,
97,
27,
35,
35,
38,
34,
70,
64,
72,
30,
58,
45,
30,
4,
9,
21,
29,
18,
22,
20,
33,
18,
20,
30,
54,
33,
21,
27,
29,
45,
54,
62,
55,
13,
17,
18,
27,
23,
20,
18,
33,
6,
33,
39,
44,
11,
32,
37,
52,
16,
31,
39,
49,
3,
28,
52,
72,
4,
6,
6,
18,
14,
20,
29,
60,
30,
25,
46,
43,
21,
47,
53,
55,
14,
22,
27,
62,
5,
32,
25,
38,
38,
46,
48,
41,
32,
55,
51,
56,
9,
21,
47,
60,
19,
33,
39,
57,
20,
34,
28,
38,
17,
22,
25,
21,
35,
49,
35,
27,
5,
26,
25,
40,
14,
12,
20,
29,
6,
25,
30,
34,
18,
32,
36,
37,
5,
17,
16,
16,
1,
7,
33,
25,
9,
6,
15,
25,
16,
13,
27,
35,
22,
26,
19,
21,
37,
37,
32,
38,
52,
47,
49,
51,
33,
43,
46,
53,
1,
4,
13,
8,
35,
56,
56,
43,
5,
10,
14,
36,
12,
27,
57,
75,
11,
17,
15,
18,
39,
43,
30,
36,
2,
7,
25,
38,
24,
34,
42,
45,
13,
8,
29,
25,
1,
19,
45,
70,
14,
17,
22,
32,
8,
27,
50,
50,
26,
35,
67,
95,
20,
25,
25,
25,
12,
6,
32,
28,
34,
61,
73,
77,
1,
5,
30,
58,
13,
15,
24,
54,
29,
39,
49,
75,
14,
21,
13,
37,
10,
25,
29,
50,
12,
6,
30,
29,
30,
27,
24,
29,
15,
33,
43,
44,
23,
31,
55,
84,
13,
20,
32,
62,
32,
30,
38,
42,
24,
35,
42,
38,
7,
33,
14,
18,
30,
30,
24,
22,
16,
19,
28,
30,
7,
34,
28,
40,
19,
26,
26,
39,
17,
44,
67,
58,
39,
35,
30,
29,
21,
12,
7,
29,
11,
25,
33,
36,
11,
24,
34,
62,
26,
36,
62,
97,
5,
16,
21,
20,
6,
30,
50,
53,
17,
41,
50,
44,
33,
33,
30,
51,
17,
37,
36,
52,
27,
46,
41,
50,
18,
30,
52,
46,
33,
50,
55,
84,
18,
17,
24,
29,
17,
37,
57,
67,
34,
60,
59,
50,
34,
26,
24,
25,
23,
21,
26,
36,
26,
30,
29,
50,
15,
22,
31,
64,
18,
31,
54,
46,
17,
15,
34,
61,
17,
33,
60,
86,
13,
21,
28,
60,
35,
35,
25,
42,
16,
37,
57,
85,
18,
32,
49,
70,
15,
30,
34,
68,
16,
16,
15,
38,
15,
18,
30,
62,
31,
30,
44,
61,
22,
14,
30,
43,
19,
31,
53,
72,
9,
19,
35,
57,
34,
60,
80,
98,
35,
48,
56,
53,
35,
58,
51,
60,
17,
29,
34,
25,
34,
36,
40,
64,
31,
60,
61,
72,
30,
38,
37,
37,
26,
35,
41,
44,
28,
45,
54,
80,
14,
19,
21,
27,
35,
57,
60,
68,
12,
33,
59,
66,
26,
30,
41,
73,
20,
33,
50,
52,
25,
35,
62,
87,
27,
26,
33,
59,
16,
44,
45,
44,
6,
30,
48,
40,
16,
42,
57,
39,
7,
15,
27,
63,
25,
38,
58,
61,
37,
43,
42,
53,
50,
56,
54,
46,
33,
26,
37,
36,
4,
10,
19,
27,
15,
16,
21,
51,
14,
19,
32,
38,
35,
40,
38,
41,
24,
30,
23,
31,
10,
10,
7,
16,
9,
8,
15,
21,
40,
55,
48,
46,
25,
23,
22,
27,
27,
39,
60,
63,
16,
17,
18,
53,
15,
16,
14,
15,
19,
35,
33,
50,
16,
37,
38,
40,
23,
23,
33,
51,
1,
28,
29,
37,
23,
33,
30,
41,
36,
56,
76,
99,
14,
22,
25,
46,
20,
15,
21,
40,
21,
29,
50,
61,
34,
36,
39,
37,
22,
32,
43,
69,
8,
1,
2,
1,
25,
38,
60,
63,
5,
2,
13,
25,
15,
30,
37,
47,
38,
33,
36,
42,
13,
24,
30,
61,
7,
10,
6,
11,
22,
22,
27,
39,
27,
21,
23,
40,
22,
56,
54,
47,
22,
23,
27,
40,
35,
45,
69,
84,
10,
9,
18,
39,
24,
23,
19,
21,
38,
37,
69,
72,
24,
38,
45,
61,
36,
41,
37,
41,
26,
40,
68,
65,
16,
28,
51,
53,
21,
22,
26,
25,
15,
14,
13,
19,
16,
50,
50,
49,
36,
46,
68,
88,
26,
27,
25,
53,
40,
50,
79,
92,
42,
58,
44,
48,
15,
9,
1,
14,
3,
29,
26,
21,
17,
6,
15,
25,
15,
23,
21,
28,
20,
29,
25,
25,
21,
18,
27,
37,
23,
21,
34,
39,
9,
13,
22,
22,
43,
51,
47,
76,
26,
36,
48,
45,
19,
38,
42,
40,
17,
37,
27,
36,
11,
36,
36,
37,
36,
40,
41,
76,
20,
37,
39,
44,
22,
48,
41,
49,
15,
43,
49,
63,
31,
41,
40,
49,
33,
45,
55,
81,
37,
40,
68,
68,
26,
29,
25,
55,
13,
10,
8,
12,
7,
7,
15,
23,
21,
31,
51,
58,
9,
15,
18,
52,
5,
6,
16,
22,
19,
47,
40,
49,
14,
46,
66,
92,
41,
65,
86,
82,
14,
22,
24,
22,
5,
16,
36,
40,
13,
24,
20,
53,
13,
10,
15,
35,
21,
30,
51,
58,
1,
2,
1,
4,
8,
7,
12,
42,
6,
13,
18,
47,
14,
22,
51,
57,
10,
10,
16,
49,
17,
39,
46,
40,
35,
31,
31,
42,
22,
13,
22,
28,
26,
37,
63,
72,
17,
20,
34,
40,
8,
15,
18,
50,
13,
37,
36,
38,
5,
29,
25,
29,
21,
30,
26,
21,
39,
45,
36,
51,
15,
51,
43,
50,
14,
22,
33,
58,
15,
26,
20,
38,
18,
47,
40,
56,
13,
37,
36,
39,
12,
43,
49,
57,
3,
39,
32,
38,
20,
30,
24,
30,
20,
32,
58,
58,
17,
46,
42,
49,
36,
37,
38,
41,
27,
22,
21,
34,
19,
17,
37,
36,
9,
9,
15,
48,
6,
15,
35,
32,
5,
15,
23,
23,
21,
21,
27,
22,
22,
29,
41,
58,
18,
13,
25,
56,
21,
32,
54,
45,
16,
44,
50,
53,
16,
41,
34,
38,
38,
36,
35,
35,
26,
21,
21,
46,
19,
28,
51,
54,
17,
15,
13,
19,
19,
50,
51,
54,
25,
31,
32,
63,
14,
15,
24,
55,
5,
17,
23,
21,
23,
21,
17,
20,
14,
22,
22,
22,
21,
25,
16,
19,
14,
23,
29,
52,
39,
41,
39,
35,
40,
55,
58,
72,
27,
28,
23,
59,
5,
9,
17,
24,
20,
18,
27,
66,
14,
26,
51,
50,
47,
47,
44,
61,
21,
16,
14,
19,
26,
33,
41,
73,
15,
16,
17,
28,
15,
21,
23,
17,
8,
17,
44,
45,
11,
5,
14,
11,
24,
26,
41,
51,
25,
32,
29,
66,
10,
11,
16,
53,
15,
22,
19,
29,
39,
57,
58,
72,
30,
30,
46,
43,
21,
19,
11,
15,
13,
18,
27,
56,
6,
13,
5,
42,
6,
36,
38,
34,
26,
26,
14,
24,
50,
43,
46,
42,
38,
36,
39,
41,
27,
25,
33,
39,
14,
20,
51,
48,
17,
40,
42,
29,
41,
56,
47,
56,
36,
42,
56,
70,
14,
9,
17,
45,
1,
5,
13,
45,
13,
22,
31,
33,
21,
14,
15,
24,
16,
18,
12,
11,
18,
9,
10,
7,
23,
27,
32,
25,
16,
18,
14,
18,
13,
22,
20,
30,
26,
40,
41,
61,
7,
14,
22,
19,
24,
31,
36,
42,
14,
19,
17,
24,
15,
14,
7,
16,
26,
28,
56,
58,
33,
39,
39,
54,
10,
25,
57,
52,
34,
48,
47,
42,
21,
11,
18,
58,
12,
26,
60,
66,
6,
12,
43,
56,
37,
37,
44,
48,
29,
36,
43,
68,
24,
30,
38,
40,
8,
16,
22,
37,
23,
24,
34,
43,
26,
27,
25,
54,
38,
37,
30,
24,
15,
20,
12,
11,
25,
58,
42,
41,
33,
38,
42,
66,
14,
23,
29,
50,
6,
41,
30,
30,
21,
29,
36,
27,
29,
69,
72,
72,
21,
18,
17,
23,
22,
24,
31,
33,
27,
40,
47,
62,
20,
56,
53,
44,
26,
28,
14,
18,
14,
10,
19,
50,
12,
41,
50,
46,
20,
26,
30,
28,
21,
12,
22,
38,
8,
12,
39,
57,
11,
17,
21,
24,
10,
5,
15,
21,
35,
40,
38,
38,
27,
41,
51,
62,
10,
16,
39,
40,
13,
21,
18,
20,
19,
37,
42,
28,
26,
31,
33,
65,
26,
30,
29,
68,
6,
13,
38,
40,
29,
38,
41,
59,
13,
22,
51,
61,
41,
36,
33,
29,
37,
30,
28,
37,
13,
5,
15,
24,
38,
26,
26,
29,
13,
24,
21,
23,
10,
19,
28,
64,
14,
23,
21,
22,
38,
35,
41,
50,
14,
24,
30,
48,
9,
9,
11,
43,
41,
50,
43,
54,
17,
11,
14,
22,
5,
16,
40,
56,
23,
26,
37,
43,
24,
58,
60,
65,
22,
29,
45,
43,
18,
19,
25,
57,
10,
20,
31,
39,
37,
26,
27,
29,
13,
6,
10,
23,
19,
38,
42,
36,
40,
50,
43,
51,
18,
10,
6,
12,
2,
4,
30,
24,
20,
20,
32,
44,
48,
50,
42,
46,
25,
44,
52,
66,
15,
13,
18,
57,
18,
36,
40,
49,
41,
57,
49,
54,
13,
12,
18,
23,
13,
26,
33,
45,
5,
15,
24,
22,
5,
42,
37,
34,
21,
21,
16,
20,
40,
43,
59,
65,
14,
26,
34,
44,
17,
20,
23,
60,
1,
5,
6,
16,
1,
3,
4,
31,
16,
41,
50,
47,
11,
39,
37,
42,
21,
6,
12,
19,
25,
23,
21,
21,
35,
49,
42,
61,
13,
15,
23,
58,
24,
38,
47,
56,
9,
11,
19,
31,
6,
12,
6,
32,
18,
9,
20,
18,
25,
29,
37,
67,
36,
29,
24,
29,
41,
57,
52,
96,
16,
45,
44,
45,
20,
29,
28,
30,
22,
22,
29,
29,
13,
12,
38,
36,
12,
42,
45,
41,
1,
1,
6,
40,
25,
37,
53,
57,
13,
14,
15,
51,
26,
24,
13,
18,
21,
24,
21,
16,
11,
13,
18,
51,
17,
15,
26,
64,
25,
29,
43,
72,
16,
49,
47,
55,
19,
11,
7,
16,
29,
30,
42,
58,
37,
37,
38,
46,
7,
16,
21,
20,
14,
7,
7,
20,
15,
19,
6,
18,
15,
24,
20,
29,
10,
22,
21,
58,
35,
37,
39,
36,
26,
18,
19,
13,
20,
23,
21,
18,
35,
48,
70,
89,
26,
31,
34,
60,
11,
17,
29,
25,
13,
24,
32,
42,
30,
40,
42,
70,
36,
37,
38,
37,
8,
13,
41,
43,
22,
32,
50,
59,
27,
25,
22,
39,
10,
23,
26,
27,
12,
5,
37,
45,
37,
37,
34,
29,
15,
38,
29,
28,
7,
18,
21,
22,
1,
5,
16,
41,
7,
10,
19,
37,
12,
9,
9,
12,
20,
21,
26,
42,
17,
15,
23,
52,
7,
15,
21,
58,
17,
27,
51,
62,
17,
22,
57,
51,
14,
7,
15,
24,
13,
15,
21,
35,
14,
13,
21,
34,
13,
12,
10,
18,
22,
28,
49,
41,
27,
37,
64,
72,
27,
24,
25,
43,
15,
25,
21,
34,
38,
41,
72,
89,
37,
42,
70,
78,
26,
24,
22,
54,
6,
16,
25,
15,
2,
3,
5,
16,
35,
36,
27,
24,
3,
15,
16,
8,
15,
13,
8,
24,
14,
21,
14,
18,
13,
22,
25,
53,
13,
12,
5,
12,
3,
8,
5,
14,
16,
40,
26,
25,
17,
40,
20,
19,
40,
55,
55,
45,
39,
40,
44,
41,
22,
22,
19,
20,
5,
16,
27,
37,
6,
5,
8,
5,
8,
16,
38,
26,
8,
17,
37,
36,
2,
3,
6,
15,
16,
22,
18,
18,
16,
38,
31,
33,
8,
12,
37,
24,
12,
44,
41,
33,
6,
12,
42,
54,
4,
20,
18,
22,
5,
12,
36,
23,
11,
38,
37,
41,
45,
50,
50,
46,
39,
29,
32,
41,
21,
23,
29,
27,
18,
14,
14,
17,
22,
30,
36,
71,
23,
22,
20,
27,
37,
36,
31,
24,
37,
36,
39,
40,
37,
40,
40,
29,
29,
34,
28,
25,
29,
51,
71,
70,
17,
17,
7,
15,
22,
26,
22,
31,
22,
26,
35,
67,
14,
18,
23,
29,
7,
14,
15,
46,
21,
35,
35,
35,
6,
14,
18,
49,
1,
10,
15,
40,
5,
13,
35,
41,
31,
37,
41,
52,
14,
22,
19,
27,
18,
43,
35,
59,
14,
38,
30,
30,
10,
36,
23,
18,
4,
12,
38,
41,
3,
12,
17,
18,
12,
42,
37,
43,
16,
41,
50,
57,
6,
16,
25,
15,
15,
23,
22,
27,
37,
36,
39,
36,
12,
36,
36,
35,
29,
28,
36,
47,
33,
42,
67,
74,
14,
22,
16,
31,
1,
2,
3,
23,
26,
41,
69,
85,
16,
41,
46,
38,
14,
21,
15,
11,
24,
24,
24,
37,
14,
23,
16,
25,
38,
48,
63,
72,
9,
7,
8,
7,
6,
33,
13,
22,
8,
5,
9,
20,
13,
14,
29,
58,
36,
39,
41,
50,
1,
6,
41,
34,
23,
19,
27,
57,
5,
36,
25,
38,
9,
15,
7,
14,
33,
32,
33,
37,
19,
22,
13,
20,
17,
40,
45,
35,
33,
33,
37,
43,
7,
9,
17,
41,
36,
38,
42,
71,
13,
10,
15,
22,
24,
27,
30,
48,
9,
16,
13,
24,
41,
42,
38,
45,
14,
18,
14,
13,
24,
42,
50,
51,
34,
35,
40,
44,
27,
29,
35,
46,
14,
23,
51,
54,
38,
54,
51,
81,
16,
18,
12,
22,
4,
3,
5,
42,
15,
14,
16,
31,
37,
48,
47,
72,
13,
8,
8,
9,
14,
20,
29,
64,
1,
2,
8,
13,
37,
42,
31,
29,
18,
25,
20,
28,
17,
19,
18,
19,
56,
81,
72,
102,
23,
29,
43,
49,
47,
49,
49,
48,
20,
18,
20,
23,
33,
32,
27,
34,
20,
17,
18,
21,
35,
43,
43,
81,
11,
15,
21,
34,
9,
14,
13,
20,
6,
9,
19,
34,
8,
22,
44,
49,
15,
23,
51,
57,
5,
36,
22,
13,
14,
17,
47,
46,
39,
36,
40,
34,
13,
7,
8,
17,
18,
15,
11,
5,
14,
14,
21,
56,
13,
46,
49,
64,
27,
40,
51,
56,
16,
41,
49,
61,
26,
30,
39,
57,
20,
17,
26,
64,
1,
5,
36,
41,
38,
29,
32,
28,
26,
32,
33,
65,
14,
23,
51,
51,
1,
4,
21,
14,
24,
28,
30,
19,
12,
26,
26,
40,
5,
14,
5,
40,
23,
14,
18,
26,
19,
17,
23,
32,
16,
17,
10,
6,
13,
15,
20,
42,
14,
7,
15,
29,
34,
42,
45,
47,
10,
23,
29,
30,
15,
19,
23,
31,
16,
14,
16,
47,
1,
2,
12,
40,
21,
40,
48,
59,
23,
22,
29,
25,
23,
27,
30,
25,
26,
22,
15,
15,
26,
31,
32,
26,
7,
8,
18,
41,
15,
41,
26,
32,
21,
24,
30,
31,
29,
40,
42,
51,
14,
14,
23,
43,
17,
25,
21,
51,
8,
5,
6,
12,
19,
38,
40,
27,
28,
42,
41,
72,
14,
38,
34,
44,
7,
7,
14,
25,
10,
9,
14,
23,
16,
49,
48,
55,
5,
38,
29,
38,
25,
26,
28,
34,
9,
7,
11,
41,
3,
32,
29,
32,
24,
26,
26,
20,
13,
24,
19,
32,
13,
24,
28,
66,
15,
22,
38,
54,
34,
35,
33,
38,
37,
40,
38,
30,
23,
30,
37,
35,
25,
28,
34,
69,
12,
14,
14,
26,
11,
8,
14,
50,
12,
42,
35,
40,
33,
28,
26,
32,
14,
13,
11,
18,
12,
16,
9,
21,
22,
51,
49,
55,
41,
47,
37,
33,
37,
38,
36,
30,
14,
22,
31,
47,
14,
20,
51,
58,
12,
5,
37,
28,
26,
27,
19,
28,
14,
17,
30,
45,
1,
1,
1,
5,
18,
55,
51,
61,
37,
39,
40,
48,
26,
33,
34,
32,
17,
20,
21,
48,
15,
45,
44,
40,
25,
22,
29,
37,
36,
44,
50,
62,
13,
12,
9,
11,
7,
17,
17,
23,
23,
38,
47,
52,
4,
14,
16,
37,
38,
37,
34,
35,
36,
42,
43,
74,
15,
20,
24,
26,
14,
13,
19,
37,
8,
6,
8,
18,
9,
6,
19,
34,
7,
16,
37,
26,
22,
23,
18,
20,
26,
31,
16,
25,
6,
10,
6,
7,
15,
41,
37,
42,
40,
48,
41,
37,
26,
27,
27,
31,
13,
21,
28,
56,
7,
12,
42,
41,
22,
21,
27,
31,
19,
22,
20,
29,
20,
25,
50,
51,
37,
39,
42,
33,
26,
34,
44,
64,
16,
26,
36,
42,
40,
49,
41,
49,
29,
27,
33,
41,
17,
24,
19,
14,
19,
19,
31,
50,
1,
1,
4,
6,
10,
9,
13,
19,
12,
33,
36,
37,
26,
30,
44,
72,
7,
16,
40,
35,
26,
30,
24,
53,
10,
22,
46,
46,
37,
32,
40,
72,
22,
58,
60,
77,
25,
26,
29,
41,
2,
3,
1,
4,
37,
45,
46,
83,
19,
21,
29,
58,
1,
3,
19,
14,
26,
27,
30,
38,
15,
7,
14,
23,
37,
32,
39,
47,
13,
23,
29,
47,
57,
64,
68,
83,
22,
24,
56,
85,
22,
22,
29,
65,
6,
18,
48,
48,
15,
18,
18,
15,
15,
31,
37,
41,
27,
29,
32,
51,
15,
46,
58,
62,
25,
30,
44,
58,
14,
23,
51,
58,
36,
36,
46,
84,
10,
15,
11,
21,
40,
56,
63,
86,
16,
26,
40,
51,
12,
23,
50,
63,
23,
16,
18,
22,
11,
10,
5,
11,
45,
43,
54,
73,
13,
24,
30,
43,
25,
39,
37,
35,
37,
31,
41,
75,
17,
53,
45,
54,
37,
34,
42,
80,
14,
22,
29,
64,
7,
13,
18,
18,
32,
39,
41,
45,
12,
6,
10,
16,
14,
23,
24,
27,
30,
45,
42,
78,
4,
11,
30,
30,
23,
14,
17,
32,
5,
16,
26,
46,
27,
37,
37,
33,
37,
43,
39,
48,
26,
28,
39,
58,
8,
6,
5,
4,
31,
29,
28,
37,
18,
25,
23,
63,
23,
27,
25,
22,
6,
8,
6,
14,
11,
38,
36,
43,
25,
29,
25,
36,
14,
25,
39,
52,
36,
37,
33,
46,
13,
10,
8,
25,
36,
36,
36,
32,
27,
25,
33,
48,
23,
38,
37,
32,
25,
29,
31,
34,
10,
5,
10,
42,
14,
31,
30,
39,
20,
46,
58,
70,
15,
16,
16,
9,
18,
44,
35,
45,
38,
31,
50,
58,
10,
20,
48,
54,
37,
40,
37,
33,
13,
15,
17,
28,
13,
22,
25,
22,
25,
26,
36,
72,
22,
24,
29,
29,
7,
20,
38,
41,
15,
16,
13,
20,
25,
26,
28,
58,
34,
27,
27,
42,
37,
37,
36,
44,
9,
15,
36,
29,
11,
5,
10,
6,
36,
26,
27,
38,
38,
41,
43,
45,
6,
12,
5,
35,
17,
35,
56,
73,
13,
21,
13,
19,
36,
42,
72,
76,
36,
39,
29,
45,
4,
1,
4,
32,
19,
31,
51,
61,
22,
18,
20,
21,
17,
17,
14,
15,
20,
17,
20,
20,
10,
9,
12,
42,
14,
17,
13,
18,
9,
2,
2,
4,
18,
20,
18,
19,
22,
22,
25,
28,
38,
36,
30,
42,
20,
57,
60,
73,
18,
34,
65,
72,
15,
21,
31,
43,
35,
30,
39,
51,
23,
20,
26,
25,
7,
17,
33,
31,
13,
4,
1,
3,
30,
42,
65,
67,
26,
25,
25,
50,
40,
50,
54,
77,
7,
17,
39,
37,
6,
8,
8,
14,
7,
15,
17,
9,
15,
17,
36,
41,
14,
19,
34,
35,
13,
24,
31,
56,
24,
27,
39,
52,
3,
11,
20,
27,
8,
11,
35,
36,
19,
33,
57,
76,
14,
22,
25,
21,
25,
29,
41,
72,
37,
40,
44,
65,
20,
38,
36,
38,
4,
30,
26,
26,
26,
23,
24,
50,
22,
26,
38,
34,
37,
36,
37,
42,
21,
52,
53,
65,
7,
13,
16,
17,
13,
22,
28,
57,
26,
30,
37,
72,
40,
55,
53,
67,
19,
36,
36,
44,
5,
20,
38,
40,
22,
33,
58,
59,
18,
14,
14,
19,
26,
36,
63,
81,
26,
29,
28,
59,
17,
30,
29,
42,
36,
35,
40,
34,
10,
10,
17,
51,
8,
6,
14,
19,
14,
23,
26,
57,
25,
27,
37,
72,
36,
37,
37,
47,
17,
45,
39,
36,
14,
23,
50,
44,
17,
13,
21,
39,
15,
13,
23,
55,
14,
8,
18,
32,
13,
26,
59,
63,
13,
26,
58,
60,
12,
11,
8,
17,
20,
20,
30,
43,
27,
42,
64,
73,
20,
18,
14,
22,
37,
49,
81,
85,
37,
41,
42,
46,
12,
40,
40,
40,
13,
40,
40,
43,
42,
43,
48,
55,
16,
41,
41,
42,
3,
3,
21,
28,
17,
31,
35,
32,
21,
59,
53,
73,
14,
21,
48,
58,
9,
24,
58,
68,
11,
21,
32,
39,
10,
9,
17,
39,
21,
34,
61,
74,
13,
25,
28,
27,
31,
34,
30,
30,
10,
17,
22,
20,
36,
26,
25,
32,
16,
39,
50,
43,
14,
17,
15,
41,
15,
13,
23,
37,
13,
22,
25,
55,
20,
14,
22,
49,
27,
41,
59,
57,
26,
29,
28,
59,
21,
25,
21,
20,
37,
42,
38,
46,
35,
54,
53,
96,
23,
35,
37,
57,
22,
33,
38,
58,
1,
1,
1,
14,
36,
41,
39,
42,
37,
43,
43,
81,
19,
54,
45,
56,
1,
5,
15,
46,
16,
35,
61,
69,
14,
19,
20,
34,
18,
17,
19,
18,
31,
25,
16,
18,
14,
14,
18,
31,
26,
29,
36,
59,
19,
17,
20,
17,
37,
41,
53,
76,
3,
33,
29,
32,
29,
24,
23,
32,
5,
12,
41,
35,
8,
12,
34,
36,
7,
15,
21,
20,
19,
26,
55,
57,
13,
18,
43,
48,
7,
4,
4,
14,
8,
13,
21,
37,
10,
13,
14,
17,
8,
14,
18,
51,
4,
36,
38,
40,
16,
16,
30,
48,
41,
45,
33,
35,
17,
18,
30,
71,
5,
36,
38,
43,
5,
2,
2,
3,
36,
29,
45,
58,
1,
1,
3,
1,
22,
28,
23,
19,
8,
16,
22,
56,
38,
35,
37,
42,
21,
30,
59,
72,
22,
21,
32,
47,
19,
34,
33,
21,
13,
13,
18,
38,
43,
56,
55,
70,
19,
22,
24,
35,
12,
22,
57,
50,
40,
29,
33,
42,
26,
40,
52,
56,
22,
67,
57,
54,
24,
30,
29,
18,
14,
10,
20,
38,
24,
26,
21,
22,
30,
54,
96,
102,
35,
68,
60,
63,
14,
28,
47,
72,
20,
17,
7,
24,
8,
19,
45,
56,
14,
23,
31,
54,
4,
18,
37,
56,
20,
15,
26,
43,
19,
22,
18,
30,
39,
50,
42,
60,
36,
36,
27,
38,
44,
43,
48,
56,
21,
21,
19,
29,
34,
30,
39,
40,
18,
35,
34,
46,
11,
15,
34,
23,
19,
17,
13,
19,
30,
50,
76,
71,
37,
37,
36,
43,
7,
17,
31,
18,
13,
21,
51,
56,
21,
58,
65,
56,
7,
15,
23,
23,
22,
42,
48,
54,
13,
24,
23,
34,
37,
40,
42,
34,
13,
20,
48,
47,
25,
29,
30,
64,
37,
41,
40,
29,
17,
39,
40,
47,
11,
14,
10,
21,
26,
30,
42,
70,
14,
21,
15,
22,
20,
21,
23,
37,
39,
42,
60,
72,
4,
12,
14,
14,
15,
20,
34,
40,
13,
14,
16,
18,
3,
38,
32,
44,
9,
6,
15,
25,
24,
28,
37,
72,
5,
37,
41,
58,
17,
47,
49,
61,
13,
9,
15,
23,
9,
16,
26,
36,
12,
21,
17,
25,
26,
21,
13,
24,
36,
36,
37,
42,
37,
36,
34,
32,
37,
40,
31,
45,
8,
15,
31,
40,
27,
38,
63,
64,
24,
28,
29,
33,
5,
37,
26,
33,
24,
45,
54,
57,
19,
24,
13,
20,
20,
22,
30,
64,
15,
21,
14,
28,
37,
44,
58,
70,
5,
17,
42,
42,
8,
9,
15,
24,
26,
30,
33,
32,
22,
24,
26,
30,
9,
6,
11,
40,
13,
14,
22,
62,
27,
40,
37,
50,
16,
19,
16,
18,
23,
27,
29,
33,
16,
46,
49,
60,
8,
18,
42,
50,
15,
12,
18,
51,
17,
25,
16,
19,
14,
22,
16,
25,
21,
32,
29,
27,
37,
36,
50,
76,
